<?xml version="1.0" encoding="UTF-8"?>
<!DOCTYPE mapper
  PUBLIC "-//mybatis.org//DTD Mapper 3.0//EN"
  "http://mybatis.org/dtd/mybatis-3-mapper.dtd">

<mapper namespace="com.biz.pet.persistence.BloodTestDao">
	<select id="findAll" resultType="BloodTestDTO">
		select * from tbl_bloodtest
	</select>

	<select id="findByName" resultType="BloodTestDTO">
		select * from tbl_bloodtest
		where BLD_NAME like '%' || #{bld_name} || '%'
	</select>

	<select id="findBySeq" resultType="BloodTestDTO">
		select * from tbl_bloodtest
		where BLD_SEQ = #{bld_seq}
	</select>

	<insert id="insert" parameterType="BloodTestDTO">
		insert into tbl_bloodtest(
		BLD_SEQ,
		BLD_NAME,
		BLD_NORMALMIN,
		BLD_NORMALMAX,
		BLD_OVERNORMAL,
		BLD_BELOWNORMAL
		) values (
		seq_bloodtest.nextval,
		#{bld_name},
		#{bld_normalmin},
		#{bld_normalmax},
		#{bld_overnormal},
		#{bld_belownormal}
		)
	</insert>

	<update id="update" parameterType="BloodTestDTO">
		update tbl_bloodtest set
		BLD_NAME = #{bld_name},
		BLD_NORMALMIN =
		#{bld_normalmin},
		BLD_NORMALMAX =
		#{bld_normalmax},
		BLD_OVERNORMAL =
		#{bld_overnormal},
		BLD_BELOWNORMAL =
		#{bld_belownormal}
		where BLD_SEQ =
		#{bld_seq}
	</update>

	<delete id="delete" parameterType="BloodTestDTO">
		delete from tbl_bloodtest
		where BLD_SEQ= #{bld_seq}
	</delete>
</mapper> 