<?xml version="1.0" encoding="UTF-8"?>
<!DOCTYPE mapper
  PUBLIC "-//mybatis.org//DTD Mapper 3.0//EN"
  "http://mybatis.org/dtd/mybatis-3-mapper.dtd">

<mapper namespace="com.biz.iolist.persistence.DeptDao">
	<select id="selectAll" resultType="DeptDTO">
		select * from tbl_dept order
		by d_name, d_ceo
	</select>
	<select id="findAll" resultType="DeptDTO">
		select * from tbl_dept order by
		d_code
	</select>
	<select id="getDCode" resultType="String">
	select max(d_code) from tbl_dept
	</select>
	<select id="findById" resultType="DeptDTO">
	select * from tbl_dept
	where d_code=#{d_code}
	</select>
	<select id="findByDName" resultType="DeptDTO">
	select * from tbl_dept
	where d_name like '%' || #{d_name} || '%'
	order by d_name
	</select>
	<insert id="insert" parameterType="DeptDTO">
		insert into tbl_dept(
		D_CODE,
		D_NAME,
		D_CEO,
		D_TEL,
		D_ADDR) values (
		#{d_code,jdbcType=VARCHAR},
		#{d_name,jdbcType=VARCHAR},
		#{d_ceo,jdbcType=VARCHAR},
		#{d_tel,jdbcType=VARCHAR},
		#{d_addr,jdbcType=VARCHAR}
		)
	</insert>
	<select id="findByDCode" resultType="DeptDTO">
	select * from tbl_dept
	where D_CODE=#{d_code}
	</select>
	<update id="update" parameterType="DeptDTO">
		update tbl_dept set
		D_NAME=#{d_name},
		D_CEO=#{d_ceo},
		D_TEL=#{d_tel},
		D_ADDR=#{d_addr}
		where D_CODE=#{d_code}
		</update>
	<delete id="delete">
	delete from tbl_dept
	where d_code=#{d_code}
	</delete>

</mapper> 