<?xml version="1.0" encoding="UTF-8"?>
<!DOCTYPE mapper
  PUBLIC "-//mybatis.org//DTD Mapper 3.0//EN"
  "http://mybatis.org/dtd/mybatis-3-mapper.dtd">

<mapper namespace="com.biz.iolist.persistence.ProductDao">
	<select id="selectAll" resultType="ProductDTO">
		select * from tbl_product
	</select>
	<select id="findAll" resultType="ProductDTO">
		select * from tbl_product
	</select>
	<select id="getPCode" resultType="String">
		select max(p_code) from tbl_product
	</select>
	<select id="findById"></select>
	<insert id="insert" parameterType="ProductDTO">
		insert into tbl_product(
		P_CODE,
		P_NAME,
		P_IPRICE,
		P_OPRICE,
		P_VAT) values (
		#{p_code,jdbcType=VARCHAR},
		#{p_name,jdbcType=VARCHAR},
		#{p_iprice,jdbcType=VARCHAR},
		#{p_oprice,jdbcType=VARCHAR},
		#{p_vat,jdbcType=VARCHAR}
		)
	</insert>
	<select id="findByPCode" resultType="ProductDTO">
		select * from tbl_product
		where P_CODE=#{p_code}
	</select>
	<select id="findByName" resultType="ProductDTO">
	select * from tbl_product
	where p_name like '%' || #{p_name} || '%'
	</select>
	<update id="update" parameterType="ProductDTO">
		update tbl_product set
		P_NAME=#{p_name},
		P_IPRICE=#{p_iprice},
		P_OPRICE=#{p_oprice},
		P_VAT=#{p_vat}
		where
		P_CODE=#{p_code}
	</update>
	<delete id="delete">
		delete from tbl_product
		where p_code=#{p_code}
	</delete>

</mapper> 