<?xml version="1.0" encoding="UTF-8"?>
<beans:beans
	xmlns="http://www.springframework.org/schema/mvc"
	xmlns:xsi="http://www.w3.org/2001/XMLSchema-instance"
	xmlns:beans="http://www.springframework.org/schema/beans"
	xmlns:context="http://www.springframework.org/schema/context"
	xsi:schemaLocation="http://www.springframework.org/schema/mvc https://www.springframework.org/schema/mvc/spring-mvc.xsd
		http://www.springframework.org/schema/beans https://www.springframework.org/schema/beans/spring-beans.xsd
		http://www.springframework.org/schema/context https://www.springframework.org/schema/context/spring-context.xsd">

	<!-- DispatcherServlet Context: defines this servlet's request-processing 
		infrastructure -->

	<!-- Enables the Spring MVC @Controller programming model -->
	<annotation-driven />
	<!-- spring project 에서 전체적으로 사용할 static final 변수선언 -->
	<beans:bean id="winFilePath" class="java.lang.String">
		<beans:constructor-arg value="c:/bizwork/files/" />
	</beans:bean>
	<beans:bean id="macFilePath" class="java.lang.String">
		<beans:constructor-arg
			value="/Users/najongjine/Document/work/files/" />
	</beans:bean>
	<!-- tomcat이 지접 관리하지 않는 폴더를 외부에서 가상폴더로 접근할수 있도록 만들어주는 클래스 /context/files/ 
		라는 폴더에 접근하면 로컬의 c:/bizwork/fils폴더를 열어 주어라 -->
	<resources mapping="/files/**"
		location="/files/, file:///c:/bizwork/files/, filesMac:///Users/najongjine/bizwork/files/" />
	<!-- Handles HTTP GET requests for /resources/** by efficiently serving 
		up static resources in the ${webappRoot}/resources directory -->
	<resources mapping="/resources/**" location="/resources/" />
	<resources mapping="/css/**" location="/css/" />
	<resources mapping="/include/**" location="/include/" />
	<resources mapping="/js/**" location="/js/" />
	<resources mapping="/img/**" location="/img/" />
	<resources mapping="/images/**" location="/images/" />

	<beans:bean id="multipartResolver" 
	class="org.springframework.web.multipart.commons.CommonsMultipartResolver">
		<beans:property name="maxUploadSize" value="30485760"></beans:property>
		<beans:property name="maxUploadSizePerFile" value="3048570"></beans:property>
	</beans:bean>

	<!-- Resolves views selected for rendering by @Controllers to .jsp resources 
		in the /WEB-INF/views directory -->
	<beans:bean
		class="org.springframework.web.servlet.view.InternalResourceViewResolver">
		<beans:property name="prefix" value="/WEB-INF/views/" />
		<beans:property name="suffix" value=".jsp" />
	</beans:bean>



	<context:component-scan
		base-package="com.biz.pet.controller" />
	<context:component-scan
		base-package="com.biz.pet.service" />



</beans:beans>
