<?xml version="1.0" encoding="UTF-8"?>
<!DOCTYPE mapper
  PUBLIC "-//mybatis.org//DTD Mapper 3.0//EN"
  "http://mybatis.org/dtd/mybatis-3-mapper.dtd">
  
 <mapper namespace="com.biz.pets.persistence.ServiceDao">
 
 	<select id="selectAll" resultType="ServiceDTO">
 		SELECT * FROM tbl_service
 	</select>
 	
 	<select id="findById" resultType="ServiceDTO">
 		SELECT * FROM tbl_service WHERE SE_SEQ = #{se_seq}
 	</select>
 	
 	<insert id="insert" parameterType="ServiceDTO">
		INSERT INTO tbl_service (
			SE_SEQ,
			SE_AUTH,
			SE_DATE,
			SE_SUBJECT,
			SE_TEXT
		) VALUES (
			SEQ_S.NEXTVAL,
			#{se_auth, jdbcType=VARCHAR},
			#{se_date, jdbcType=VARCHAR},
			#{se_subject, jdbcType=VARCHAR},
			#{se_text, jdbcType=VARCHAR}
		)
 	</insert>
 	
 	<update id="update"  parameterType="ServiceDTO">
 		UPDATE tbl_service SET
			SE_AUTH = #{se_auth, jdbcType=VARCHAR},
			SE_DATE = #{se_date, jdbcType=VARCHAR},
			SE_SUBJECT = #{se_subject, jdbcType=VARCHAR},
			SE_TEXT = #{se_text, jdbcType=VARCHAR}
		WHERE SE_SEQ = #{se_seq, jdbcType=VARCHAR}
 	</update>
 	
 	<delete id="delete">
 		DELETE FROM tbl_service WHERE SE_SEQ = #{se_seq}
 	</delete>

</mapper>